{"name":"Linkatalog","targetUrl":"https://linkatalog.com","counter":false,"bounce":false,"width":1280,"height":800,"showMenuBar":false,"fastQuit":false,"userAgent":"Mozilla/5.0 (Macintosh; Intel Mac OS X 10_12_5) AppleWebKit/537.36 (KHTML, like Gecko) Chrome/61.0.3163.100 Safari/537.36","nativefierVersion":"7.6.4","ignoreCertificate":false,"disableGpu":false,"ignoreGpuBlacklist":false,"enableEs3Apis":false,"insecure":false,"flashPluginDir":null,"diskCacheSize":null,"fullScreen":false,"maximize":false,"zoom":1,"internalUrls":null,"singleInstance":false,"win32metadata":{"ProductName":"Linkatalog","InternalName":"Linkatalog","FileDescription":"Linkatalog"},"tray":false,"basicAuthUsername":null,"basicAuthPassword":null,"alwaysOnTop":false,"titleBarStyle":null}